image_name,label
n02088466_10083.jpg,bloodhound
n02088466_1015.jpg,bloodhound
n02088466_10309.jpg,bloodhound
n02088466_10331.jpg,bloodhound
n02088466_10335.jpg,bloodhound
n02088466_10408.jpg,bloodhound
n02088466_10506.jpg,bloodhound
n02088466_10545.jpg,bloodhound
n02088466_10724.jpg,bloodhound
n02088466_10773.jpg,bloodhound
n02088466_10831.jpg,bloodhound
n02088466_10904.jpg,bloodhound
n02088466_11398.jpg,bloodhound
n02088466_11623.jpg,bloodhound
n02088466_11827.jpg,bloodhound
n02088466_11903.jpg,bloodhound
n02088466_11936.jpg,bloodhound
n02088466_12003.jpg,bloodhound
n02088466_12353.jpg,bloodhound
n02088466_12388.jpg,bloodhound
n02088466_1262.jpg,bloodhound
n02088466_1473.jpg,bloodhound
n02088466_1503.jpg,bloodhound
n02088466_1555.jpg,bloodhound
n02088466_1563.jpg,bloodhound
n02088466_1671.jpg,bloodhound
n02088466_1983.jpg,bloodhound
n02088466_2030.jpg,bloodhound
n02088466_2332.jpg,bloodhound
n02088466_2862.jpg,bloodhound
n02088466_2908.jpg,bloodhound
n02088466_2934.jpg,bloodhound
n02088466_2986.jpg,bloodhound
n02088466_3032.jpg,bloodhound
n02088466_3096.jpg,bloodhound
n02088466_3184.jpg,bloodhound
n02088466_3217.jpg,bloodhound
n02088466_3333.jpg,bloodhound
n02088466_3448.jpg,bloodhound
n02088466_3568.jpg,bloodhound
n02088466_3634.jpg,bloodhound
n02088466_4054.jpg,bloodhound
n02088466_4169.jpg,bloodhound
n02088466_4178.jpg,bloodhound
n02088466_4385.jpg,bloodhound
n02088466_4445.jpg,bloodhound
n02088466_4731.jpg,bloodhound
n02088466_4749.jpg,bloodhound
n02088466_4825.jpg,bloodhound
n02088466_4907.jpg,bloodhound
n02088466_5025.jpg,bloodhound
n02088466_5131.jpg,bloodhound
n02088466_5212.jpg,bloodhound
n02088466_5432.jpg,bloodhound
n02088466_5521.jpg,bloodhound
n02088466_5784.jpg,bloodhound
n02088466_5832.jpg,bloodhound
n02088466_5898.jpg,bloodhound
n02088466_6096.jpg,bloodhound
n02088466_6126.jpg,bloodhound
n02088466_6160.jpg,bloodhound
n02088466_6231.jpg,bloodhound
n02088466_6413.jpg,bloodhound
n02088466_6532.jpg,bloodhound
n02088466_654.jpg,bloodhound
n02088466_6623.jpg,bloodhound
n02088466_6712.jpg,bloodhound
n02088466_6775.jpg,bloodhound
n02088466_6789.jpg,bloodhound
n02088466_6834.jpg,bloodhound
n02088466_6901.jpg,bloodhound
n02088466_6963.jpg,bloodhound
n02088466_6972.jpg,bloodhound
n02088466_6974.jpg,bloodhound
n02088466_6984.jpg,bloodhound
n02088466_7002.jpg,bloodhound
n02088466_7004.jpg,bloodhound
n02088466_7007.jpg,bloodhound
n02088466_7015.jpg,bloodhound
n02088466_7032.jpg,bloodhound
n02088466_7046.jpg,bloodhound
n02088466_7048.jpg,bloodhound
n02088466_7091.jpg,bloodhound
n02088466_7121.jpg,bloodhound
n02088466_7162.jpg,bloodhound
n02088466_7167.jpg,bloodhound
n02088466_7178.jpg,bloodhound
n02088466_7191.jpg,bloodhound
n02088466_7195.jpg,bloodhound
n02088466_7229.jpg,bloodhound
n02088466_7230.jpg,bloodhound
n02088466_7234.jpg,bloodhound
n02088466_7244.jpg,bloodhound
n02088466_7269.jpg,bloodhound
n02088466_7344.jpg,bloodhound
n02088466_7409.jpg,bloodhound
n02088466_7417.jpg,bloodhound
n02088466_7421.jpg,bloodhound
n02088466_7429.jpg,bloodhound
n02088466_7434.jpg,bloodhound
n02088466_7462.jpg,bloodhound
n02088466_7486.jpg,bloodhound
n02088466_7502.jpg,bloodhound
n02088466_7604.jpg,bloodhound
n02088466_7606.jpg,bloodhound
n02088466_7607.jpg,bloodhound
n02088466_7609.jpg,bloodhound
n02088466_7670.jpg,bloodhound
n02088466_7703.jpg,bloodhound
n02088466_7710.jpg,bloodhound
n02088466_7731.jpg,bloodhound
n02088466_7800.jpg,bloodhound
n02088466_7801.jpg,bloodhound
n02088466_7803.jpg,bloodhound
n02088466_7868.jpg,bloodhound
n02088466_7928.jpg,bloodhound
n02088466_7962.jpg,bloodhound
n02088466_7963.jpg,bloodhound
n02088466_7973.jpg,bloodhound
n02088466_8015.jpg,bloodhound
n02088466_8032.jpg,bloodhound
n02088466_8039.jpg,bloodhound
n02088466_8064.jpg,bloodhound
n02088466_8078.jpg,bloodhound
n02088466_8105.jpg,bloodhound
n02088466_8144.jpg,bloodhound
n02088466_8156.jpg,bloodhound
n02088466_8162.jpg,bloodhound
n02088466_8184.jpg,bloodhound
n02088466_8201.jpg,bloodhound
n02088466_8233.jpg,bloodhound
n02088466_8289.jpg,bloodhound
n02088466_8320.jpg,bloodhound
n02088466_8335.jpg,bloodhound
n02088466_8422.jpg,bloodhound
n02088466_8515.jpg,bloodhound
n02088466_8518.jpg,bloodhound
n02088466_8575.jpg,bloodhound
n02088466_8605.jpg,bloodhound
n02088466_8645.jpg,bloodhound
n02088466_8664.jpg,bloodhound
n02088466_8754.jpg,bloodhound
n02088466_8772.jpg,bloodhound
n02088466_8775.jpg,bloodhound
n02088466_8801.jpg,bloodhound
n02088466_8807.jpg,bloodhound
n02088466_8812.jpg,bloodhound
n02088466_8813.jpg,bloodhound
n02088466_8820.jpg,bloodhound
n02088466_8821.jpg,bloodhound
n02088466_8831.jpg,bloodhound
n02088466_8842.jpg,bloodhound
n02088466_8904.jpg,bloodhound
n02088466_8926.jpg,bloodhound
n02088466_8950.jpg,bloodhound
n02088466_8969.jpg,bloodhound
n02088466_8982.jpg,bloodhound
n02088466_9023.jpg,bloodhound
n02088466_9029.jpg,bloodhound
n02088466_9046.jpg,bloodhound
n02088466_9058.jpg,bloodhound
n02088466_9069.jpg,bloodhound
n02088466_9096.jpg,bloodhound
n02088466_9110.jpg,bloodhound
n02088466_9116.jpg,bloodhound
n02088466_9167.jpg,bloodhound
n02088466_9191.jpg,bloodhound
n02088466_9214.jpg,bloodhound
n02088466_9237.jpg,bloodhound
n02088466_9242.jpg,bloodhound
n02088466_9245.jpg,bloodhound
n02088466_9287.jpg,bloodhound
n02088466_9334.jpg,bloodhound
n02088466_9356.jpg,bloodhound
n02088466_9359.jpg,bloodhound
n02088466_9360.jpg,bloodhound
n02088466_9383.jpg,bloodhound
n02088466_9533.jpg,bloodhound
n02088466_9576.jpg,bloodhound
n02088466_9579.jpg,bloodhound
n02088466_9616.jpg,bloodhound
n02088466_9691.jpg,bloodhound
n02088466_9695.jpg,bloodhound
n02088466_9697.jpg,bloodhound
n02088466_9792.jpg,bloodhound
n02088466_9877.jpg,bloodhound
n02088466_9983.jpg,bloodhound
n02091831_10215.jpg,Saluki
n02091831_10290.jpg,Saluki
n02091831_1036.jpg,Saluki
n02091831_10576.jpg,Saluki
n02091831_10593.jpg,Saluki
n02091831_10639.jpg,Saluki
n02091831_10722.jpg,Saluki
n02091831_10733.jpg,Saluki
n02091831_10803.jpg,Saluki
n02091831_10822.jpg,Saluki
n02091831_10823.jpg,Saluki
n02091831_10978.jpg,Saluki
n02091831_11021.jpg,Saluki
n02091831_1110.jpg,Saluki
n02091831_11177.jpg,Saluki
n02091831_1118.jpg,Saluki
n02091831_11224.jpg,Saluki
n02091831_11421.jpg,Saluki
n02091831_11498.jpg,Saluki
n02091831_11553.jpg,Saluki
n02091831_1182.jpg,Saluki
n02091831_12653.jpg,Saluki
n02091831_12881.jpg,Saluki
n02091831_12945.jpg,Saluki
n02091831_13354.jpg,Saluki
n02091831_13361.jpg,Saluki
n02091831_13486.jpg,Saluki
n02091831_13507.jpg,Saluki
n02091831_13536.jpg,Saluki
n02091831_13566.jpg,Saluki
n02091831_13640.jpg,Saluki
n02091831_13767.jpg,Saluki
n02091831_13774.jpg,Saluki
n02091831_1387.jpg,Saluki
n02091831_13935.jpg,Saluki
n02091831_1400.jpg,Saluki
n02091831_1439.jpg,Saluki
n02091831_1495.jpg,Saluki
n02091831_1507.jpg,Saluki
n02091831_151.jpg,Saluki
n02091831_1512.jpg,Saluki
n02091831_1563.jpg,Saluki
n02091831_1565.jpg,Saluki
n02091831_1594.jpg,Saluki
n02091831_1623.jpg,Saluki
n02091831_1696.jpg,Saluki
n02091831_1730.jpg,Saluki
n02091831_1801.jpg,Saluki
n02091831_1852.jpg,Saluki
n02091831_2076.jpg,Saluki
n02091831_2094.jpg,Saluki
n02091831_2108.jpg,Saluki
n02091831_213.jpg,Saluki
n02091831_2232.jpg,Saluki
n02091831_2245.jpg,Saluki
n02091831_2288.jpg,Saluki
n02091831_2290.jpg,Saluki
n02091831_2315.jpg,Saluki
n02091831_2338.jpg,Saluki
n02091831_2344.jpg,Saluki
n02091831_2362.jpg,Saluki
n02091831_2391.jpg,Saluki
n02091831_256.jpg,Saluki
n02091831_2586.jpg,Saluki
n02091831_2592.jpg,Saluki
n02091831_2606.jpg,Saluki
n02091831_2638.jpg,Saluki
n02091831_2779.jpg,Saluki
n02091831_2838.jpg,Saluki
n02091831_2858.jpg,Saluki
n02091831_2880.jpg,Saluki
n02091831_2911.jpg,Saluki
n02091831_2962.jpg,Saluki
n02091831_2995.jpg,Saluki
n02091831_3038.jpg,Saluki
n02091831_304.jpg,Saluki
n02091831_3042.jpg,Saluki
n02091831_3052.jpg,Saluki
n02091831_3054.jpg,Saluki
n02091831_3061.jpg,Saluki
n02091831_3064.jpg,Saluki
n02091831_3067.jpg,Saluki
n02091831_3108.jpg,Saluki
n02091831_3152.jpg,Saluki
n02091831_3180.jpg,Saluki
n02091831_3222.jpg,Saluki
n02091831_3238.jpg,Saluki
n02091831_3242.jpg,Saluki
n02091831_3254.jpg,Saluki
n02091831_3300.jpg,Saluki
n02091831_3310.jpg,Saluki
n02091831_3334.jpg,Saluki
n02091831_3339.jpg,Saluki
n02091831_3400.jpg,Saluki
n02091831_3430.jpg,Saluki
n02091831_3433.jpg,Saluki
n02091831_346.jpg,Saluki
n02091831_351.jpg,Saluki
n02091831_355.jpg,Saluki
n02091831_3594.jpg,Saluki
n02091831_3616.jpg,Saluki
n02091831_3643.jpg,Saluki
n02091831_3675.jpg,Saluki
n02091831_3760.jpg,Saluki
n02091831_3797.jpg,Saluki
n02091831_38.jpg,Saluki
n02091831_3846.jpg,Saluki
n02091831_3847.jpg,Saluki
n02091831_3875.jpg,Saluki
n02091831_3899.jpg,Saluki
n02091831_3909.jpg,Saluki
n02091831_3962.jpg,Saluki
n02091831_4030.jpg,Saluki
n02091831_4057.jpg,Saluki
n02091831_4087.jpg,Saluki
n02091831_410.jpg,Saluki
n02091831_4119.jpg,Saluki
n02091831_4142.jpg,Saluki
n02091831_4246.jpg,Saluki
n02091831_4259.jpg,Saluki
n02091831_4283.jpg,Saluki
n02091831_4463.jpg,Saluki
n02091831_4487.jpg,Saluki
n02091831_4626.jpg,Saluki
n02091831_4644.jpg,Saluki
n02091831_4667.jpg,Saluki
n02091831_4755.jpg,Saluki
n02091831_4846.jpg,Saluki
n02091831_4966.jpg,Saluki
n02091831_4980.jpg,Saluki
n02091831_5020.jpg,Saluki
n02091831_509.jpg,Saluki
n02091831_5123.jpg,Saluki
n02091831_5216.jpg,Saluki
n02091831_5244.jpg,Saluki
n02091831_5359.jpg,Saluki
n02091831_5369.jpg,Saluki
n02091831_5384.jpg,Saluki
n02091831_5436.jpg,Saluki
n02091831_5482.jpg,Saluki
n02091831_55.jpg,Saluki
n02091831_5596.jpg,Saluki
n02091831_5654.jpg,Saluki
n02091831_566.jpg,Saluki
n02091831_5692.jpg,Saluki
n02091831_5712.jpg,Saluki
n02091831_573.jpg,Saluki
n02091831_5745.jpg,Saluki
n02091831_5879.jpg,Saluki
n02091831_6114.jpg,Saluki
n02091831_6139.jpg,Saluki
n02091831_627.jpg,Saluki
n02091831_6308.jpg,Saluki
n02091831_6323.jpg,Saluki
n02091831_6406.jpg,Saluki
n02091831_6427.jpg,Saluki
n02091831_6451.jpg,Saluki
n02091831_648.jpg,Saluki
n02091831_6582.jpg,Saluki
n02091831_6757.jpg,Saluki
n02091831_699.jpg,Saluki
n02091831_7030.jpg,Saluki
n02091831_7051.jpg,Saluki
n02091831_7066.jpg,Saluki
n02091831_7169.jpg,Saluki
n02091831_7237.jpg,Saluki
n02091831_7244.jpg,Saluki
n02091831_725.jpg,Saluki
n02091831_7287.jpg,Saluki
n02091831_735.jpg,Saluki
n02091831_736.jpg,Saluki
n02091831_7393.jpg,Saluki
n02091831_749.jpg,Saluki
n02091831_7497.jpg,Saluki
n02091831_764.jpg,Saluki
n02091831_7665.jpg,Saluki
n02091831_7769.jpg,Saluki
n02091831_7846.jpg,Saluki
n02091831_7895.jpg,Saluki
n02091831_7957.jpg,Saluki
n02091831_7977.jpg,Saluki
n02091831_801.jpg,Saluki
n02091831_8028.jpg,Saluki
n02091831_8160.jpg,Saluki
n02091831_8223.jpg,Saluki
n02091831_8401.jpg,Saluki
n02091831_8404.jpg,Saluki
n02091831_843.jpg,Saluki
n02091831_848.jpg,Saluki
n02091831_8633.jpg,Saluki
n02091831_878.jpg,Saluki
n02091831_8843.jpg,Saluki
n02091831_8847.jpg,Saluki
n02091831_9190.jpg,Saluki
n02091831_9263.jpg,Saluki
n02091831_956.jpg,Saluki
n02091831_961.jpg,Saluki
n02091831_97.jpg,Saluki
n02091831_9731.jpg,Saluki
n02091831_9856.jpg,Saluki
n02099601_10.jpg,golden_retriever
n02099601_100.jpg,golden_retriever
n02099601_1010.jpg,golden_retriever
n02099601_1028.jpg,golden_retriever
n02099601_109.jpg,golden_retriever
n02099601_1162.jpg,golden_retriever
n02099601_118.jpg,golden_retriever
n02099601_124.jpg,golden_retriever
n02099601_1249.jpg,golden_retriever
n02099601_1259.jpg,golden_retriever
n02099601_1324.jpg,golden_retriever
n02099601_14.jpg,golden_retriever
n02099601_142.jpg,golden_retriever
n02099601_1442.jpg,golden_retriever
n02099601_1454.jpg,golden_retriever
n02099601_146.jpg,golden_retriever
n02099601_1580.jpg,golden_retriever
n02099601_1633.jpg,golden_retriever
n02099601_1743.jpg,golden_retriever
n02099601_176.jpg,golden_retriever
n02099601_1768.jpg,golden_retriever
n02099601_2029.jpg,golden_retriever
n02099601_2076.jpg,golden_retriever
n02099601_215.jpg,golden_retriever
n02099601_2295.jpg,golden_retriever
n02099601_2358.jpg,golden_retriever
n02099601_2359.jpg,golden_retriever
n02099601_238.jpg,golden_retriever
n02099601_2408.jpg,golden_retriever
n02099601_2422.jpg,golden_retriever
n02099601_2440.jpg,golden_retriever
n02099601_2495.jpg,golden_retriever
n02099601_2536.jpg,golden_retriever
n02099601_2663.jpg,golden_retriever
n02099601_2688.jpg,golden_retriever
n02099601_2691.jpg,golden_retriever
n02099601_2796.jpg,golden_retriever
n02099601_280.jpg,golden_retriever
n02099601_281.jpg,golden_retriever
n02099601_286.jpg,golden_retriever
n02099601_2980.jpg,golden_retriever
n02099601_2994.jpg,golden_retriever
n02099601_3004.jpg,golden_retriever
n02099601_3007.jpg,golden_retriever
n02099601_304.jpg,golden_retriever
n02099601_3073.jpg,golden_retriever
n02099601_308.jpg,golden_retriever
n02099601_3097.jpg,golden_retriever
n02099601_3111.jpg,golden_retriever
n02099601_3202.jpg,golden_retriever
n02099601_3262.jpg,golden_retriever
n02099601_3327.jpg,golden_retriever
n02099601_3360.jpg,golden_retriever
n02099601_3388.jpg,golden_retriever
n02099601_3414.jpg,golden_retriever
n02099601_342.jpg,golden_retriever
n02099601_345.jpg,golden_retriever
n02099601_3494.jpg,golden_retriever
n02099601_3508.jpg,golden_retriever
n02099601_3569.jpg,golden_retriever
n02099601_3666.jpg,golden_retriever
n02099601_3720.jpg,golden_retriever
n02099601_3738.jpg,golden_retriever
n02099601_3853.jpg,golden_retriever
n02099601_3869.jpg,golden_retriever
n02099601_4005.jpg,golden_retriever
n02099601_4241.jpg,golden_retriever
n02099601_4256.jpg,golden_retriever
n02099601_4312.jpg,golden_retriever
n02099601_447.jpg,golden_retriever
n02099601_4651.jpg,golden_retriever
n02099601_4678.jpg,golden_retriever
n02099601_473.jpg,golden_retriever
n02099601_4843.jpg,golden_retriever
n02099601_4933.jpg,golden_retriever
n02099601_5.jpg,golden_retriever
n02099601_5051.jpg,golden_retriever
n02099601_5132.jpg,golden_retriever
n02099601_5160.jpg,golden_retriever
n02099601_5188.jpg,golden_retriever
n02099601_5240.jpg,golden_retriever
n02099601_5366.jpg,golden_retriever
n02099601_544.jpg,golden_retriever
n02099601_5452.jpg,golden_retriever
n02099601_5453.jpg,golden_retriever
n02099601_5544.jpg,golden_retriever
n02099601_5642.jpg,golden_retriever
n02099601_5655.jpg,golden_retriever
n02099601_5679.jpg,golden_retriever
n02099601_569.jpg,golden_retriever
n02099601_5709.jpg,golden_retriever
n02099601_5736.jpg,golden_retriever
n02099601_5764.jpg,golden_retriever
n02099601_5857.jpg,golden_retriever
n02099601_5876.jpg,golden_retriever
n02099601_5893.jpg,golden_retriever
n02099601_6099.jpg,golden_retriever
n02099601_6105.jpg,golden_retriever
n02099601_6139.jpg,golden_retriever
n02099601_6194.jpg,golden_retriever
n02099601_6233.jpg,golden_retriever
n02099601_6318.jpg,golden_retriever
n02099601_6331.jpg,golden_retriever
n02099601_6338.jpg,golden_retriever
n02099601_6577.jpg,golden_retriever
n02099601_67.jpg,golden_retriever
n02099601_6726.jpg,golden_retriever
n02099601_6772.jpg,golden_retriever
n02099601_6814.jpg,golden_retriever
n02099601_6820.jpg,golden_retriever
n02099601_6867.jpg,golden_retriever
n02099601_6980.jpg,golden_retriever
n02099601_70.jpg,golden_retriever
n02099601_7019.jpg,golden_retriever
n02099601_7037.jpg,golden_retriever
n02099601_704.jpg,golden_retriever
n02099601_7119.jpg,golden_retriever
n02099601_7123.jpg,golden_retriever
n02099601_7227.jpg,golden_retriever
n02099601_7304.jpg,golden_retriever
n02099601_7312.jpg,golden_retriever
n02099601_7387.jpg,golden_retriever
n02099601_7432.jpg,golden_retriever
n02099601_7437.jpg,golden_retriever
n02099601_7588.jpg,golden_retriever
n02099601_7654.jpg,golden_retriever
n02099601_7706.jpg,golden_retriever
n02099601_7709.jpg,golden_retriever
n02099601_7744.jpg,golden_retriever
n02099601_7771.jpg,golden_retriever
n02099601_7780.jpg,golden_retriever
n02099601_78.jpg,golden_retriever
n02099601_7803.jpg,golden_retriever
n02099601_7807.jpg,golden_retriever
n02099601_7916.jpg,golden_retriever
n02099601_7930.jpg,golden_retriever
n02099601_7993.jpg,golden_retriever
n02099601_8005.jpg,golden_retriever
n02099601_816.jpg,golden_retriever
n02099601_8181.jpg,golden_retriever
n02099601_825.jpg,golden_retriever
n02099601_831.jpg,golden_retriever
n02099601_8429.jpg,golden_retriever
n02099601_846.jpg,golden_retriever
n02099601_864.jpg,golden_retriever
n02099601_8764.jpg,golden_retriever
n02099601_9153.jpg,golden_retriever
n02099601_9301.jpg,golden_retriever
n02099601_9504.jpg,golden_retriever
n02099601_9518.jpg,golden_retriever
n02105641_10048.jpg,Old_English_sheepdog
n02105641_10051.jpg,Old_English_sheepdog
n02105641_10100.jpg,Old_English_sheepdog
n02105641_10151.jpg,Old_English_sheepdog
n02105641_10188.jpg,Old_English_sheepdog
n02105641_1019.jpg,Old_English_sheepdog
n02105641_10264.jpg,Old_English_sheepdog
n02105641_10280.jpg,Old_English_sheepdog
n02105641_10380.jpg,Old_English_sheepdog
n02105641_10397.jpg,Old_English_sheepdog
n02105641_1045.jpg,Old_English_sheepdog
n02105641_10672.jpg,Old_English_sheepdog
n02105641_10800.jpg,Old_English_sheepdog
n02105641_1109.jpg,Old_English_sheepdog
n02105641_11253.jpg,Old_English_sheepdog
n02105641_11313.jpg,Old_English_sheepdog
n02105641_11387.jpg,Old_English_sheepdog
n02105641_1153.jpg,Old_English_sheepdog
n02105641_11628.jpg,Old_English_sheepdog
n02105641_11651.jpg,Old_English_sheepdog
n02105641_11694.jpg,Old_English_sheepdog
n02105641_11695.jpg,Old_English_sheepdog
n02105641_11847.jpg,Old_English_sheepdog
n02105641_1212.jpg,Old_English_sheepdog
n02105641_12297.jpg,Old_English_sheepdog
n02105641_126.jpg,Old_English_sheepdog
n02105641_12610.jpg,Old_English_sheepdog
n02105641_12614.jpg,Old_English_sheepdog
n02105641_12816.jpg,Old_English_sheepdog
n02105641_12889.jpg,Old_English_sheepdog
n02105641_1295.jpg,Old_English_sheepdog
n02105641_1362.jpg,Old_English_sheepdog
n02105641_13779.jpg,Old_English_sheepdog
n02105641_13807.jpg,Old_English_sheepdog
n02105641_13952.jpg,Old_English_sheepdog
n02105641_1411.jpg,Old_English_sheepdog
n02105641_14263.jpg,Old_English_sheepdog
n02105641_1500.jpg,Old_English_sheepdog
n02105641_1505.jpg,Old_English_sheepdog
n02105641_1589.jpg,Old_English_sheepdog
n02105641_1618.jpg,Old_English_sheepdog
n02105641_1623.jpg,Old_English_sheepdog
n02105641_1647.jpg,Old_English_sheepdog
n02105641_1673.jpg,Old_English_sheepdog
n02105641_169.jpg,Old_English_sheepdog
n02105641_1740.jpg,Old_English_sheepdog
n02105641_1763.jpg,Old_English_sheepdog
n02105641_1815.jpg,Old_English_sheepdog
n02105641_1845.jpg,Old_English_sheepdog
n02105641_1855.jpg,Old_English_sheepdog
n02105641_1881.jpg,Old_English_sheepdog
n02105641_1921.jpg,Old_English_sheepdog
n02105641_1966.jpg,Old_English_sheepdog
n02105641_2018.jpg,Old_English_sheepdog
n02105641_2052.jpg,Old_English_sheepdog
n02105641_2120.jpg,Old_English_sheepdog
n02105641_2138.jpg,Old_English_sheepdog
n02105641_24.jpg,Old_English_sheepdog
n02105641_2586.jpg,Old_English_sheepdog
n02105641_2606.jpg,Old_English_sheepdog
n02105641_2607.jpg,Old_English_sheepdog
n02105641_2750.jpg,Old_English_sheepdog
n02105641_277.jpg,Old_English_sheepdog
n02105641_2822.jpg,Old_English_sheepdog
n02105641_285.jpg,Old_English_sheepdog
n02105641_2905.jpg,Old_English_sheepdog
n02105641_2918.jpg,Old_English_sheepdog
n02105641_309.jpg,Old_English_sheepdog
n02105641_313.jpg,Old_English_sheepdog
n02105641_3317.jpg,Old_English_sheepdog
n02105641_3331.jpg,Old_English_sheepdog
n02105641_3364.jpg,Old_English_sheepdog
n02105641_3499.jpg,Old_English_sheepdog
n02105641_3531.jpg,Old_English_sheepdog
n02105641_3540.jpg,Old_English_sheepdog
n02105641_3543.jpg,Old_English_sheepdog
n02105641_3585.jpg,Old_English_sheepdog
n02105641_3602.jpg,Old_English_sheepdog
n02105641_3723.jpg,Old_English_sheepdog
n02105641_3724.jpg,Old_English_sheepdog
n02105641_3800.jpg,Old_English_sheepdog
n02105641_4150.jpg,Old_English_sheepdog
n02105641_4268.jpg,Old_English_sheepdog
n02105641_4443.jpg,Old_English_sheepdog
n02105641_4577.jpg,Old_English_sheepdog
n02105641_4594.jpg,Old_English_sheepdog
n02105641_4660.jpg,Old_English_sheepdog
n02105641_4677.jpg,Old_English_sheepdog
n02105641_4733.jpg,Old_English_sheepdog
n02105641_4751.jpg,Old_English_sheepdog
n02105641_4796.jpg,Old_English_sheepdog
n02105641_4805.jpg,Old_English_sheepdog
n02105641_4833.jpg,Old_English_sheepdog
n02105641_4975.jpg,Old_English_sheepdog
n02105641_4997.jpg,Old_English_sheepdog
n02105641_5017.jpg,Old_English_sheepdog
n02105641_5049.jpg,Old_English_sheepdog
n02105641_5057.jpg,Old_English_sheepdog
n02105641_523.jpg,Old_English_sheepdog
n02105641_5305.jpg,Old_English_sheepdog
n02105641_534.jpg,Old_English_sheepdog
n02105641_5341.jpg,Old_English_sheepdog
n02105641_5577.jpg,Old_English_sheepdog
n02105641_5776.jpg,Old_English_sheepdog
n02105641_5980.jpg,Old_English_sheepdog
n02105641_5982.jpg,Old_English_sheepdog
n02105641_5998.jpg,Old_English_sheepdog
n02105641_6142.jpg,Old_English_sheepdog
n02105641_6218.jpg,Old_English_sheepdog
n02105641_6261.jpg,Old_English_sheepdog
n02105641_6270.jpg,Old_English_sheepdog
n02105641_6272.jpg,Old_English_sheepdog
n02105641_6350.jpg,Old_English_sheepdog
n02105641_6363.jpg,Old_English_sheepdog
n02105641_6453.jpg,Old_English_sheepdog
n02105641_6534.jpg,Old_English_sheepdog
n02105641_6608.jpg,Old_English_sheepdog
n02105641_6664.jpg,Old_English_sheepdog
n02105641_6730.jpg,Old_English_sheepdog
n02105641_6735.jpg,Old_English_sheepdog
n02105641_678.jpg,Old_English_sheepdog
n02105641_6825.jpg,Old_English_sheepdog
n02105641_6875.jpg,Old_English_sheepdog
n02105641_696.jpg,Old_English_sheepdog
n02105641_7030.jpg,Old_English_sheepdog
n02105641_7060.jpg,Old_English_sheepdog
n02105641_7191.jpg,Old_English_sheepdog
n02105641_7219.jpg,Old_English_sheepdog
n02105641_727.jpg,Old_English_sheepdog
n02105641_7528.jpg,Old_English_sheepdog
n02105641_7603.jpg,Old_English_sheepdog
n02105641_764.jpg,Old_English_sheepdog
n02105641_7650.jpg,Old_English_sheepdog
n02105641_7727.jpg,Old_English_sheepdog
n02105641_7884.jpg,Old_English_sheepdog
n02105641_7898.jpg,Old_English_sheepdog
n02105641_7902.jpg,Old_English_sheepdog
n02105641_7945.jpg,Old_English_sheepdog
n02105641_8046.jpg,Old_English_sheepdog
n02105641_8146.jpg,Old_English_sheepdog
n02105641_8180.jpg,Old_English_sheepdog
n02105641_8273.jpg,Old_English_sheepdog
n02105641_8289.jpg,Old_English_sheepdog
n02105641_8359.jpg,Old_English_sheepdog
n02105641_8372.jpg,Old_English_sheepdog
n02105641_8421.jpg,Old_English_sheepdog
n02105641_8517.jpg,Old_English_sheepdog
n02105641_8556.jpg,Old_English_sheepdog
n02105641_8576.jpg,Old_English_sheepdog
n02105641_8610.jpg,Old_English_sheepdog
n02105641_8701.jpg,Old_English_sheepdog
n02105641_8720.jpg,Old_English_sheepdog
n02105641_8760.jpg,Old_English_sheepdog
n02105641_9017.jpg,Old_English_sheepdog
n02105641_9074.jpg,Old_English_sheepdog
n02105641_918.jpg,Old_English_sheepdog
n02105641_9225.jpg,Old_English_sheepdog
n02105641_9289.jpg,Old_English_sheepdog
n02105641_9319.jpg,Old_English_sheepdog
n02105641_9320.jpg,Old_English_sheepdog
n02105641_9397.jpg,Old_English_sheepdog
n02105641_9412.jpg,Old_English_sheepdog
n02105641_9424.jpg,Old_English_sheepdog
n02105641_9502.jpg,Old_English_sheepdog
n02105641_9531.jpg,Old_English_sheepdog
n02105641_9648.jpg,Old_English_sheepdog
n02105641_9780.jpg,Old_English_sheepdog
n02105641_9950.jpg,Old_English_sheepdog
n02105641_9982.jpg,Old_English_sheepdog
n02106662_10122.jpg,German_shepherd
n02106662_10338.jpg,German_shepherd
n02106662_104.jpg,German_shepherd
n02106662_10490.jpg,German_shepherd
n02106662_10552.jpg,German_shepherd
n02106662_10676.jpg,German_shepherd
n02106662_10715.jpg,German_shepherd
n02106662_10858.jpg,German_shepherd
n02106662_1094.jpg,German_shepherd
n02106662_11620.jpg,German_shepherd
n02106662_11808.jpg,German_shepherd
n02106662_12028.jpg,German_shepherd
n02106662_12116.jpg,German_shepherd
n02106662_12906.jpg,German_shepherd
n02106662_12969.jpg,German_shepherd
n02106662_13050.jpg,German_shepherd
n02106662_13123.jpg,German_shepherd
n02106662_13178.jpg,German_shepherd
n02106662_13368.jpg,German_shepherd
n02106662_13380.jpg,German_shepherd
n02106662_13599.jpg,German_shepherd
n02106662_13904.jpg,German_shepherd
n02106662_13912.jpg,German_shepherd
n02106662_14247.jpg,German_shepherd
n02106662_1451.jpg,German_shepherd
n02106662_146.jpg,German_shepherd
n02106662_14842.jpg,German_shepherd
n02106662_14930.jpg,German_shepherd
n02106662_15107.jpg,German_shepherd
n02106662_15398.jpg,German_shepherd
n02106662_15429.jpg,German_shepherd
n02106662_15647.jpg,German_shepherd
n02106662_15666.jpg,German_shepherd
n02106662_15813.jpg,German_shepherd
n02106662_15858.jpg,German_shepherd
n02106662_16014.jpg,German_shepherd
n02106662_16129.jpg,German_shepherd
n02106662_16149.jpg,German_shepherd
n02106662_16163.jpg,German_shepherd
n02106662_16342.jpg,German_shepherd
n02106662_1637.jpg,German_shepherd
n02106662_16418.jpg,German_shepherd
n02106662_16817.jpg,German_shepherd
n02106662_16891.jpg,German_shepherd
n02106662_17240.jpg,German_shepherd
n02106662_17446.jpg,German_shepherd
n02106662_17449.jpg,German_shepherd
n02106662_18065.jpg,German_shepherd
n02106662_18113.jpg,German_shepherd
n02106662_1812.jpg,German_shepherd
n02106662_18268.jpg,German_shepherd
n02106662_18405.jpg,German_shepherd
n02106662_1841.jpg,German_shepherd
n02106662_18922.jpg,German_shepherd
n02106662_19641.jpg,German_shepherd
n02106662_19720.jpg,German_shepherd
n02106662_19791.jpg,German_shepherd
n02106662_19801.jpg,German_shepherd
n02106662_20036.jpg,German_shepherd
n02106662_20546.jpg,German_shepherd
n02106662_2058.jpg,German_shepherd
n02106662_20711.jpg,German_shepherd
n02106662_20732.jpg,German_shepherd
n02106662_21094.jpg,German_shepherd
n02106662_21348.jpg,German_shepherd
n02106662_21432.jpg,German_shepherd
n02106662_21715.jpg,German_shepherd
n02106662_22245.jpg,German_shepherd
n02106662_22394.jpg,German_shepherd
n02106662_22456.jpg,German_shepherd
n02106662_22730.jpg,German_shepherd
n02106662_22764.jpg,German_shepherd
n02106662_22854.jpg,German_shepherd
n02106662_23196.jpg,German_shepherd
n02106662_23360.jpg,German_shepherd
n02106662_2337.jpg,German_shepherd
n02106662_2358.jpg,German_shepherd
n02106662_23691.jpg,German_shepherd
n02106662_23996.jpg,German_shepherd
n02106662_24110.jpg,German_shepherd
n02106662_24577.jpg,German_shepherd
n02106662_24758.jpg,German_shepherd
n02106662_24768.jpg,German_shepherd
n02106662_24774.jpg,German_shepherd
n02106662_24786.jpg,German_shepherd
n02106662_248.jpg,German_shepherd
n02106662_25775.jpg,German_shepherd
n02106662_25917.jpg,German_shepherd
n02106662_25986.jpg,German_shepherd
n02106662_2631.jpg,German_shepherd
n02106662_26335.jpg,German_shepherd
n02106662_26549.jpg,German_shepherd
n02106662_2659.jpg,German_shepherd
n02106662_27186.jpg,German_shepherd
n02106662_27251.jpg,German_shepherd
n02106662_27393.jpg,German_shepherd
n02106662_2740.jpg,German_shepherd
n02106662_2753.jpg,German_shepherd
n02106662_2810.jpg,German_shepherd
n02106662_2884.jpg,German_shepherd
n02106662_2924.jpg,German_shepherd
n02106662_29517.jpg,German_shepherd
n02106662_3116.jpg,German_shepherd
n02106662_320.jpg,German_shepherd
n02106662_3260.jpg,German_shepherd
n02106662_3431.jpg,German_shepherd
n02106662_3781.jpg,German_shepherd
n02106662_3815.jpg,German_shepherd
n02106662_3953.jpg,German_shepherd
n02106662_4021.jpg,German_shepherd
n02106662_4059.jpg,German_shepherd
n02106662_4201.jpg,German_shepherd
n02106662_4402.jpg,German_shepherd
n02106662_4498.jpg,German_shepherd
n02106662_4522.jpg,German_shepherd
n02106662_466.jpg,German_shepherd
n02106662_5169.jpg,German_shepherd
n02106662_5795.jpg,German_shepherd
n02106662_590.jpg,German_shepherd
n02106662_5929.jpg,German_shepherd
n02106662_597.jpg,German_shepherd
n02106662_6088.jpg,German_shepherd
n02106662_620.jpg,German_shepherd
n02106662_6443.jpg,German_shepherd
n02106662_662.jpg,German_shepherd
n02106662_684.jpg,German_shepherd
n02106662_6889.jpg,German_shepherd
n02106662_6931.jpg,German_shepherd
n02106662_695.jpg,German_shepherd
n02106662_6966.jpg,German_shepherd
n02106662_712.jpg,German_shepherd
n02106662_7122.jpg,German_shepherd
n02106662_7168.jpg,German_shepherd
n02106662_7212.jpg,German_shepherd
n02106662_7238.jpg,German_shepherd
n02106662_7313.jpg,German_shepherd
n02106662_7545.jpg,German_shepherd
n02106662_7885.jpg,German_shepherd
n02106662_7960.jpg,German_shepherd
n02106662_8002.jpg,German_shepherd
n02106662_808.jpg,German_shepherd
n02106662_8246.jpg,German_shepherd
n02106662_855.jpg,German_shepherd
n02106662_8870.jpg,German_shepherd
n02106662_9226.jpg,German_shepherd
n02106662_9292.jpg,German_shepherd
n02106662_9481.jpg,German_shepherd
n02106662_9556.jpg,German_shepherd
n02106662_9625.jpg,German_shepherd
n02106662_9735.jpg,German_shepherd
n02106662_9936.jpg,German_shepherd
n02106662_9994.jpg,German_shepherd
n02107142_10009.jpg,Doberman
n02107142_10036.jpg,Doberman
n02107142_10070.jpg,Doberman
n02107142_10647.jpg,Doberman
n02107142_1073.jpg,Doberman
n02107142_1074.jpg,Doberman
n02107142_10952.jpg,Doberman
n02107142_11042.jpg,Doberman
n02107142_11226.jpg,Doberman
n02107142_11493.jpg,Doberman
n02107142_11717.jpg,Doberman
n02107142_11757.jpg,Doberman
n02107142_1193.jpg,Doberman
n02107142_12076.jpg,Doberman
n02107142_12182.jpg,Doberman
n02107142_12191.jpg,Doberman
n02107142_12488.jpg,Doberman
n02107142_1251.jpg,Doberman
n02107142_12739.jpg,Doberman
n02107142_12749.jpg,Doberman
n02107142_13011.jpg,Doberman
n02107142_1306.jpg,Doberman
n02107142_13356.jpg,Doberman
n02107142_13483.jpg,Doberman
n02107142_13677.jpg,Doberman
n02107142_14066.jpg,Doberman
n02107142_14425.jpg,Doberman
n02107142_14636.jpg,Doberman
n02107142_14813.jpg,Doberman
n02107142_15003.jpg,Doberman
n02107142_15334.jpg,Doberman
n02107142_15377.jpg,Doberman
n02107142_15436.jpg,Doberman
n02107142_15810.jpg,Doberman
n02107142_15936.jpg,Doberman
n02107142_16217.jpg,Doberman
n02107142_16316.jpg,Doberman
n02107142_16400.jpg,Doberman
n02107142_16424.jpg,Doberman
n02107142_16429.jpg,Doberman
n02107142_16512.jpg,Doberman
n02107142_16917.jpg,Doberman
n02107142_1694.jpg,Doberman
n02107142_17111.jpg,Doberman
n02107142_17147.jpg,Doberman
n02107142_17450.jpg,Doberman
n02107142_17564.jpg,Doberman
n02107142_17575.jpg,Doberman
n02107142_17788.jpg,Doberman
n02107142_17899.jpg,Doberman
n02107142_18020.jpg,Doberman
n02107142_18196.jpg,Doberman
n02107142_18214.jpg,Doberman
n02107142_18413.jpg,Doberman
n02107142_18582.jpg,Doberman
n02107142_18610.jpg,Doberman
n02107142_18779.jpg,Doberman
n02107142_1886.jpg,Doberman
n02107142_1901.jpg,Doberman
n02107142_208.jpg,Doberman
n02107142_21.jpg,Doberman
n02107142_2153.jpg,Doberman
n02107142_2213.jpg,Doberman
n02107142_2314.jpg,Doberman
n02107142_2418.jpg,Doberman
n02107142_248.jpg,Doberman
n02107142_2553.jpg,Doberman
n02107142_2654.jpg,Doberman
n02107142_2779.jpg,Doberman
n02107142_278.jpg,Doberman
n02107142_30.jpg,Doberman
n02107142_3033.jpg,Doberman
n02107142_3073.jpg,Doberman
n02107142_3094.jpg,Doberman
n02107142_3171.jpg,Doberman
n02107142_3227.jpg,Doberman
n02107142_3236.jpg,Doberman
n02107142_34.jpg,Doberman
n02107142_3412.jpg,Doberman
n02107142_3488.jpg,Doberman
n02107142_3556.jpg,Doberman
n02107142_3575.jpg,Doberman
n02107142_3621.jpg,Doberman
n02107142_3709.jpg,Doberman
n02107142_3741.jpg,Doberman
n02107142_385.jpg,Doberman
n02107142_4013.jpg,Doberman
n02107142_4017.jpg,Doberman
n02107142_413.jpg,Doberman
n02107142_4148.jpg,Doberman
n02107142_4255.jpg,Doberman
n02107142_4314.jpg,Doberman
n02107142_4462.jpg,Doberman
n02107142_4632.jpg,Doberman
n02107142_4653.jpg,Doberman
n02107142_4663.jpg,Doberman
n02107142_4725.jpg,Doberman
n02107142_473.jpg,Doberman
n02107142_4763.jpg,Doberman
n02107142_4790.jpg,Doberman
n02107142_5144.jpg,Doberman
n02107142_5166.jpg,Doberman
n02107142_5181.jpg,Doberman
n02107142_5196.jpg,Doberman
n02107142_5284.jpg,Doberman
n02107142_5296.jpg,Doberman
n02107142_534.jpg,Doberman
n02107142_5395.jpg,Doberman
n02107142_5517.jpg,Doberman
n02107142_5570.jpg,Doberman
n02107142_5663.jpg,Doberman
n02107142_5766.jpg,Doberman
n02107142_5783.jpg,Doberman
n02107142_607.jpg,Doberman
n02107142_6383.jpg,Doberman
n02107142_6395.jpg,Doberman
n02107142_6439.jpg,Doberman
n02107142_6816.jpg,Doberman
n02107142_6859.jpg,Doberman
n02107142_699.jpg,Doberman
n02107142_7102.jpg,Doberman
n02107142_7143.jpg,Doberman
n02107142_7205.jpg,Doberman
n02107142_7206.jpg,Doberman
n02107142_7237.jpg,Doberman
n02107142_7238.jpg,Doberman
n02107142_7300.jpg,Doberman
n02107142_7311.jpg,Doberman
n02107142_7402.jpg,Doberman
n02107142_7459.jpg,Doberman
n02107142_7703.jpg,Doberman
n02107142_7731.jpg,Doberman
n02107142_7841.jpg,Doberman
n02107142_788.jpg,Doberman
n02107142_790.jpg,Doberman
n02107142_814.jpg,Doberman
n02107142_8331.jpg,Doberman
n02107142_8399.jpg,Doberman
n02107142_8437.jpg,Doberman
n02107142_8568.jpg,Doberman
n02107142_8675.jpg,Doberman
n02107142_8834.jpg,Doberman
n02107142_9090.jpg,Doberman
n02107142_9282.jpg,Doberman
n02107142_9362.jpg,Doberman
n02107142_9379.jpg,Doberman
n02107142_9597.jpg,Doberman
n02107142_9621.jpg,Doberman
n02107142_971.jpg,Doberman
n02107142_9772.jpg,Doberman
n02109047_1005.jpg,Great_Dane
n02109047_10112.jpg,Great_Dane
n02109047_10160.jpg,Great_Dane
n02109047_10414.jpg,Great_Dane
n02109047_11178.jpg,Great_Dane
n02109047_11184.jpg,Great_Dane
n02109047_11472.jpg,Great_Dane
n02109047_12085.jpg,Great_Dane
n02109047_12193.jpg,Great_Dane
n02109047_12467.jpg,Great_Dane
n02109047_12569.jpg,Great_Dane
n02109047_1260.jpg,Great_Dane
n02109047_12678.jpg,Great_Dane
n02109047_12726.jpg,Great_Dane
n02109047_1284.jpg,Great_Dane
n02109047_12899.jpg,Great_Dane
n02109047_12916.jpg,Great_Dane
n02109047_12966.jpg,Great_Dane
n02109047_13016.jpg,Great_Dane
n02109047_13040.jpg,Great_Dane
n02109047_13072.jpg,Great_Dane
n02109047_13211.jpg,Great_Dane
n02109047_1371.jpg,Great_Dane
n02109047_13730.jpg,Great_Dane
n02109047_13744.jpg,Great_Dane
n02109047_13868.jpg,Great_Dane
n02109047_13977.jpg,Great_Dane
n02109047_14013.jpg,Great_Dane
n02109047_1449.jpg,Great_Dane
n02109047_1480.jpg,Great_Dane
n02109047_1533.jpg,Great_Dane
n02109047_1659.jpg,Great_Dane
n02109047_1672.jpg,Great_Dane
n02109047_16735.jpg,Great_Dane
n02109047_17050.jpg,Great_Dane
n02109047_17629.jpg,Great_Dane
n02109047_17874.jpg,Great_Dane
n02109047_1813.jpg,Great_Dane
n02109047_18490.jpg,Great_Dane
n02109047_18614.jpg,Great_Dane
n02109047_1876.jpg,Great_Dane
n02109047_19775.jpg,Great_Dane
n02109047_19984.jpg,Great_Dane
n02109047_20023.jpg,Great_Dane
n02109047_2009.jpg,Great_Dane
n02109047_20229.jpg,Great_Dane
n02109047_2072.jpg,Great_Dane
n02109047_20770.jpg,Great_Dane
n02109047_21567.jpg,Great_Dane
n02109047_21589.jpg,Great_Dane
n02109047_21692.jpg,Great_Dane
n02109047_21903.jpg,Great_Dane
n02109047_22006.jpg,Great_Dane
n02109047_22193.jpg,Great_Dane
n02109047_22413.jpg,Great_Dane
n02109047_2248.jpg,Great_Dane
n02109047_22481.jpg,Great_Dane
n02109047_22955.jpg,Great_Dane
n02109047_23058.jpg,Great_Dane
n02109047_23483.jpg,Great_Dane
n02109047_2358.jpg,Great_Dane
n02109047_23814.jpg,Great_Dane
n02109047_23852.jpg,Great_Dane
n02109047_24258.jpg,Great_Dane
n02109047_24340.jpg,Great_Dane
n02109047_2465.jpg,Great_Dane
n02109047_24710.jpg,Great_Dane
n02109047_2475.jpg,Great_Dane
n02109047_24773.jpg,Great_Dane
n02109047_2527.jpg,Great_Dane
n02109047_25277.jpg,Great_Dane
n02109047_25291.jpg,Great_Dane
n02109047_25342.jpg,Great_Dane
n02109047_2553.jpg,Great_Dane
n02109047_25603.jpg,Great_Dane
n02109047_25719.jpg,Great_Dane
n02109047_25779.jpg,Great_Dane
n02109047_26134.jpg,Great_Dane
n02109047_2630.jpg,Great_Dane
n02109047_26729.jpg,Great_Dane
n02109047_26860.jpg,Great_Dane
n02109047_27131.jpg,Great_Dane
n02109047_27409.jpg,Great_Dane
n02109047_27476.jpg,Great_Dane
n02109047_2810.jpg,Great_Dane
n02109047_282.jpg,Great_Dane
n02109047_28208.jpg,Great_Dane
n02109047_28433.jpg,Great_Dane
n02109047_2851.jpg,Great_Dane
n02109047_2859.jpg,Great_Dane
n02109047_3001.jpg,Great_Dane
n02109047_30923.jpg,Great_Dane
n02109047_31049.jpg,Great_Dane
n02109047_31117.jpg,Great_Dane
n02109047_31274.jpg,Great_Dane
n02109047_31376.jpg,Great_Dane
n02109047_31522.jpg,Great_Dane
n02109047_31830.jpg,Great_Dane
n02109047_32010.jpg,Great_Dane
n02109047_32635.jpg,Great_Dane
n02109047_32692.jpg,Great_Dane
n02109047_33029.jpg,Great_Dane
n02109047_33047.jpg,Great_Dane
n02109047_33588.jpg,Great_Dane
n02109047_33651.jpg,Great_Dane
n02109047_34022.jpg,Great_Dane
n02109047_34093.jpg,Great_Dane
n02109047_34102.jpg,Great_Dane
n02109047_34148.jpg,Great_Dane
n02109047_34162.jpg,Great_Dane
n02109047_34175.jpg,Great_Dane
n02109047_34209.jpg,Great_Dane
n02109047_3643.jpg,Great_Dane
n02109047_4267.jpg,Great_Dane
n02109047_481.jpg,Great_Dane
n02109047_4884.jpg,Great_Dane
n02109047_5005.jpg,Great_Dane
n02109047_5181.jpg,Great_Dane
n02109047_5326.jpg,Great_Dane
n02109047_5331.jpg,Great_Dane
n02109047_5573.jpg,Great_Dane
n02109047_5588.jpg,Great_Dane
n02109047_5618.jpg,Great_Dane
n02109047_562.jpg,Great_Dane
n02109047_5675.jpg,Great_Dane
n02109047_5822.jpg,Great_Dane
n02109047_5894.jpg,Great_Dane
n02109047_5910.jpg,Great_Dane
n02109047_5936.jpg,Great_Dane
n02109047_6008.jpg,Great_Dane
n02109047_6042.jpg,Great_Dane
n02109047_6061.jpg,Great_Dane
n02109047_6093.jpg,Great_Dane
n02109047_6265.jpg,Great_Dane
n02109047_6276.jpg,Great_Dane
n02109047_638.jpg,Great_Dane
n02109047_6447.jpg,Great_Dane
n02109047_6680.jpg,Great_Dane
n02109047_7072.jpg,Great_Dane
n02109047_7156.jpg,Great_Dane
n02109047_7227.jpg,Great_Dane
n02109047_744.jpg,Great_Dane
n02109047_8090.jpg,Great_Dane
n02109047_8139.jpg,Great_Dane
n02109047_875.jpg,Great_Dane
n02109047_888.jpg,Great_Dane
n02109047_8912.jpg,Great_Dane
n02109047_906.jpg,Great_Dane
n02109047_9164.jpg,Great_Dane
n02109047_926.jpg,Great_Dane
n02109047_9396.jpg,Great_Dane
n02109047_94.jpg,Great_Dane
n02109047_941.jpg,Great_Dane
n02109047_946.jpg,Great_Dane
n02109047_9503.jpg,Great_Dane
n02109047_9604.jpg,Great_Dane
n02110185_10047.jpg,Siberian_husky
n02110185_10116.jpg,Siberian_husky
n02110185_10171.jpg,Siberian_husky
n02110185_10175.jpg,Siberian_husky
n02110185_10273.jpg,Siberian_husky
n02110185_10360.jpg,Siberian_husky
n02110185_10597.jpg,Siberian_husky
n02110185_1066.jpg,Siberian_husky
n02110185_10844.jpg,Siberian_husky
n02110185_10849.jpg,Siberian_husky
n02110185_10875.jpg,Siberian_husky
n02110185_10898.jpg,Siberian_husky
n02110185_10902.jpg,Siberian_husky
n02110185_10955.jpg,Siberian_husky
n02110185_10967.jpg,Siberian_husky
n02110185_11114.jpg,Siberian_husky
n02110185_11131.jpg,Siberian_husky
n02110185_11138.jpg,Siberian_husky
n02110185_11287.jpg,Siberian_husky
n02110185_1130.jpg,Siberian_husky
n02110185_11396.jpg,Siberian_husky
n02110185_11409.jpg,Siberian_husky
n02110185_11445.jpg,Siberian_husky
n02110185_11580.jpg,Siberian_husky
n02110185_11626.jpg,Siberian_husky
n02110185_11635.jpg,Siberian_husky
n02110185_11636.jpg,Siberian_husky
n02110185_1164.jpg,Siberian_husky
n02110185_11773.jpg,Siberian_husky
n02110185_1178.jpg,Siberian_husky
n02110185_11783.jpg,Siberian_husky
n02110185_11841.jpg,Siberian_husky
n02110185_120.jpg,Siberian_husky
n02110185_12120.jpg,Siberian_husky
n02110185_12380.jpg,Siberian_husky
n02110185_12441.jpg,Siberian_husky
n02110185_12478.jpg,Siberian_husky
n02110185_12498.jpg,Siberian_husky
n02110185_12656.jpg,Siberian_husky
n02110185_12678.jpg,Siberian_husky
n02110185_12748.jpg,Siberian_husky
n02110185_1289.jpg,Siberian_husky
n02110185_13127.jpg,Siberian_husky
n02110185_13158.jpg,Siberian_husky
n02110185_13187.jpg,Siberian_husky
n02110185_13197.jpg,Siberian_husky
n02110185_13282.jpg,Siberian_husky
n02110185_1338.jpg,Siberian_husky
n02110185_13423.jpg,Siberian_husky
n02110185_13434.jpg,Siberian_husky
n02110185_13704.jpg,Siberian_husky
n02110185_13794.jpg,Siberian_husky
n02110185_13821.jpg,Siberian_husky
n02110185_13855.jpg,Siberian_husky
n02110185_13942.jpg,Siberian_husky
n02110185_14056.jpg,Siberian_husky
n02110185_14061.jpg,Siberian_husky
n02110185_14283.jpg,Siberian_husky
n02110185_14289.jpg,Siberian_husky
n02110185_1439.jpg,Siberian_husky
n02110185_1446.jpg,Siberian_husky
n02110185_14479.jpg,Siberian_husky
n02110185_14523.jpg,Siberian_husky
n02110185_14560.jpg,Siberian_husky
n02110185_14594.jpg,Siberian_husky
n02110185_14597.jpg,Siberian_husky
n02110185_14650.jpg,Siberian_husky
n02110185_1469.jpg,Siberian_husky
n02110185_14766.jpg,Siberian_husky
n02110185_14906.jpg,Siberian_husky
n02110185_1497.jpg,Siberian_husky
n02110185_15019.jpg,Siberian_husky
n02110185_15063.jpg,Siberian_husky
n02110185_1511.jpg,Siberian_husky
n02110185_1532.jpg,Siberian_husky
n02110185_1534.jpg,Siberian_husky
n02110185_1552.jpg,Siberian_husky
n02110185_1598.jpg,Siberian_husky
n02110185_1614.jpg,Siberian_husky
n02110185_1748.jpg,Siberian_husky
n02110185_1794.jpg,Siberian_husky
n02110185_184.jpg,Siberian_husky
n02110185_2368.jpg,Siberian_husky
n02110185_2446.jpg,Siberian_husky
n02110185_248.jpg,Siberian_husky
n02110185_2593.jpg,Siberian_husky
n02110185_2604.jpg,Siberian_husky
n02110185_2614.jpg,Siberian_husky
n02110185_2672.jpg,Siberian_husky
n02110185_2701.jpg,Siberian_husky
n02110185_2728.jpg,Siberian_husky
n02110185_2736.jpg,Siberian_husky
n02110185_2820.jpg,Siberian_husky
n02110185_2941.jpg,Siberian_husky
n02110185_3039.jpg,Siberian_husky
n02110185_3291.jpg,Siberian_husky
n02110185_3302.jpg,Siberian_husky
n02110185_3328.jpg,Siberian_husky
n02110185_3406.jpg,Siberian_husky
n02110185_353.jpg,Siberian_husky
n02110185_3540.jpg,Siberian_husky
n02110185_3589.jpg,Siberian_husky
n02110185_3651.jpg,Siberian_husky
n02110185_3808.jpg,Siberian_husky
n02110185_388.jpg,Siberian_husky
n02110185_4030.jpg,Siberian_husky
n02110185_4060.jpg,Siberian_husky
n02110185_4115.jpg,Siberian_husky
n02110185_4133.jpg,Siberian_husky
n02110185_4186.jpg,Siberian_husky
n02110185_4294.jpg,Siberian_husky
n02110185_4522.jpg,Siberian_husky
n02110185_4677.jpg,Siberian_husky
n02110185_4694.jpg,Siberian_husky
n02110185_4906.jpg,Siberian_husky
n02110185_5030.jpg,Siberian_husky
n02110185_5143.jpg,Siberian_husky
n02110185_5159.jpg,Siberian_husky
n02110185_5172.jpg,Siberian_husky
n02110185_519.jpg,Siberian_husky
n02110185_5392.jpg,Siberian_husky
n02110185_5495.jpg,Siberian_husky
n02110185_56.jpg,Siberian_husky
n02110185_5622.jpg,Siberian_husky
n02110185_5624.jpg,Siberian_husky
n02110185_5628.jpg,Siberian_husky
n02110185_5716.jpg,Siberian_husky
n02110185_58.jpg,Siberian_husky
n02110185_5871.jpg,Siberian_husky
n02110185_5973.jpg,Siberian_husky
n02110185_6094.jpg,Siberian_husky
n02110185_6105.jpg,Siberian_husky
n02110185_6263.jpg,Siberian_husky
n02110185_632.jpg,Siberian_husky
n02110185_6351.jpg,Siberian_husky
n02110185_6409.jpg,Siberian_husky
n02110185_6411.jpg,Siberian_husky
n02110185_6438.jpg,Siberian_husky
n02110185_6473.jpg,Siberian_husky
n02110185_6564.jpg,Siberian_husky
n02110185_6746.jpg,Siberian_husky
n02110185_6775.jpg,Siberian_husky
n02110185_6780.jpg,Siberian_husky
n02110185_6850.jpg,Siberian_husky
n02110185_698.jpg,Siberian_husky
n02110185_699.jpg,Siberian_husky
n02110185_7044.jpg,Siberian_husky
n02110185_7117.jpg,Siberian_husky
n02110185_712.jpg,Siberian_husky
n02110185_7210.jpg,Siberian_husky
n02110185_7246.jpg,Siberian_husky
n02110185_725.jpg,Siberian_husky
n02110185_7329.jpg,Siberian_husky
n02110185_7379.jpg,Siberian_husky
n02110185_7413.jpg,Siberian_husky
n02110185_7564.jpg,Siberian_husky
n02110185_7594.jpg,Siberian_husky
n02110185_7762.jpg,Siberian_husky
n02110185_7879.jpg,Siberian_husky
n02110185_7888.jpg,Siberian_husky
n02110185_7936.jpg,Siberian_husky
n02110185_7980.jpg,Siberian_husky
n02110185_8005.jpg,Siberian_husky
n02110185_815.jpg,Siberian_husky
n02110185_8154.jpg,Siberian_husky
n02110185_8162.jpg,Siberian_husky
n02110185_8216.jpg,Siberian_husky
n02110185_8327.jpg,Siberian_husky
n02110185_8360.jpg,Siberian_husky
n02110185_8397.jpg,Siberian_husky
n02110185_8564.jpg,Siberian_husky
n02110185_8600.jpg,Siberian_husky
n02110185_8708.jpg,Siberian_husky
n02110185_8748.jpg,Siberian_husky
n02110185_8749.jpg,Siberian_husky
n02110185_8860.jpg,Siberian_husky
n02110185_8923.jpg,Siberian_husky
n02110185_8966.jpg,Siberian_husky
n02110185_9001.jpg,Siberian_husky
n02110185_9086.jpg,Siberian_husky
n02110185_9177.jpg,Siberian_husky
n02110185_9194.jpg,Siberian_husky
n02110185_931.jpg,Siberian_husky
n02110185_9334.jpg,Siberian_husky
n02110185_9396.jpg,Siberian_husky
n02110185_9429.jpg,Siberian_husky
n02110185_9461.jpg,Siberian_husky
n02110185_9712.jpg,Siberian_husky
n02110185_9833.jpg,Siberian_husky
n02110185_9846.jpg,Siberian_husky
n02110185_9855.jpg,Siberian_husky
n02110185_9975.jpg,Siberian_husky
n02112137_1005.jpg,chow
n02112137_10134.jpg,chow
n02112137_1015.jpg,chow
n02112137_10176.jpg,chow
n02112137_10430.jpg,chow
n02112137_10457.jpg,chow
n02112137_10605.jpg,chow
n02112137_10654.jpg,chow
n02112137_10677.jpg,chow
n02112137_10731.jpg,chow
n02112137_10762.jpg,chow
n02112137_10792.jpg,chow
n02112137_10815.jpg,chow
n02112137_112.jpg,chow
n02112137_11261.jpg,chow
n02112137_11273.jpg,chow
n02112137_11472.jpg,chow
n02112137_11536.jpg,chow
n02112137_11549.jpg,chow
n02112137_11550.jpg,chow
n02112137_11732.jpg,chow
n02112137_11830.jpg,chow
n02112137_11858.jpg,chow
n02112137_11927.jpg,chow
n02112137_11938.jpg,chow
n02112137_1251.jpg,chow
n02112137_12579.jpg,chow
n02112137_12594.jpg,chow
n02112137_126.jpg,chow
n02112137_12685.jpg,chow
n02112137_12741.jpg,chow
n02112137_12766.jpg,chow
n02112137_12792.jpg,chow
n02112137_12819.jpg,chow
n02112137_13075.jpg,chow
n02112137_13232.jpg,chow
n02112137_13330.jpg,chow
n02112137_13415.jpg,chow
n02112137_13499.jpg,chow
n02112137_13649.jpg,chow
n02112137_1374.jpg,chow
n02112137_14004.jpg,chow
n02112137_1401.jpg,chow
n02112137_14255.jpg,chow
n02112137_14369.jpg,chow
n02112137_14448.jpg,chow
n02112137_14751.jpg,chow
n02112137_14881.jpg,chow
n02112137_15277.jpg,chow
n02112137_15770.jpg,chow
n02112137_15792.jpg,chow
n02112137_1589.jpg,chow
n02112137_15929.jpg,chow
n02112137_161.jpg,chow
n02112137_16109.jpg,chow
n02112137_1614.jpg,chow
n02112137_16162.jpg,chow
n02112137_16270.jpg,chow
n02112137_16354.jpg,chow
n02112137_16388.jpg,chow
n02112137_16520.jpg,chow
n02112137_16533.jpg,chow
n02112137_16665.jpg,chow
n02112137_16777.jpg,chow
n02112137_16815.jpg,chow
n02112137_16817.jpg,chow
n02112137_16830.jpg,chow
n02112137_1687.jpg,chow
n02112137_1704.jpg,chow
n02112137_1733.jpg,chow
n02112137_17437.jpg,chow
n02112137_17733.jpg,chow
n02112137_1795.jpg,chow
n02112137_18174.jpg,chow
n02112137_1830.jpg,chow
n02112137_1976.jpg,chow
n02112137_2020.jpg,chow
n02112137_2028.jpg,chow
n02112137_2058.jpg,chow
n02112137_2106.jpg,chow
n02112137_2133.jpg,chow
n02112137_2181.jpg,chow
n02112137_2220.jpg,chow
n02112137_2231.jpg,chow
n02112137_2250.jpg,chow
n02112137_2290.jpg,chow
n02112137_2319.jpg,chow
n02112137_2376.jpg,chow
n02112137_2411.jpg,chow
n02112137_2453.jpg,chow
n02112137_2475.jpg,chow
n02112137_2521.jpg,chow
n02112137_2619.jpg,chow
n02112137_2664.jpg,chow
n02112137_2724.jpg,chow
n02112137_2739.jpg,chow
n02112137_2745.jpg,chow
n02112137_2757.jpg,chow
n02112137_2791.jpg,chow
n02112137_2809.jpg,chow
n02112137_2825.jpg,chow
n02112137_2845.jpg,chow
n02112137_2850.jpg,chow
n02112137_2947.jpg,chow
n02112137_2998.jpg,chow
n02112137_3032.jpg,chow
n02112137_3237.jpg,chow
n02112137_3337.jpg,chow
n02112137_3439.jpg,chow
n02112137_3467.jpg,chow
n02112137_347.jpg,chow
n02112137_3484.jpg,chow
n02112137_3523.jpg,chow
n02112137_3570.jpg,chow
n02112137_3706.jpg,chow
n02112137_4434.jpg,chow
n02112137_4447.jpg,chow
n02112137_4650.jpg,chow
n02112137_4760.jpg,chow
n02112137_4956.jpg,chow
n02112137_5022.jpg,chow
n02112137_5089.jpg,chow
n02112137_5114.jpg,chow
n02112137_517.jpg,chow
n02112137_5240.jpg,chow
n02112137_528.jpg,chow
n02112137_5420.jpg,chow
n02112137_5548.jpg,chow
n02112137_5601.jpg,chow
n02112137_5664.jpg,chow
n02112137_5742.jpg,chow
n02112137_5945.jpg,chow
n02112137_5966.jpg,chow
n02112137_6016.jpg,chow
n02112137_6108.jpg,chow
n02112137_6160.jpg,chow
n02112137_6164.jpg,chow
n02112137_6190.jpg,chow
n02112137_6213.jpg,chow
n02112137_6282.jpg,chow
n02112137_6314.jpg,chow
n02112137_6334.jpg,chow
n02112137_6350.jpg,chow
n02112137_6458.jpg,chow
n02112137_6506.jpg,chow
n02112137_6627.jpg,chow
n02112137_6709.jpg,chow
n02112137_6808.jpg,chow
n02112137_6857.jpg,chow
n02112137_6898.jpg,chow
n02112137_6964.jpg,chow
n02112137_7109.jpg,chow
n02112137_7302.jpg,chow
n02112137_7340.jpg,chow
n02112137_7428.jpg,chow
n02112137_7522.jpg,chow
n02112137_7594.jpg,chow
n02112137_7616.jpg,chow
n02112137_7645.jpg,chow
n02112137_7668.jpg,chow
n02112137_7706.jpg,chow
n02112137_7751.jpg,chow
n02112137_7798.jpg,chow
n02112137_7988.jpg,chow
n02112137_7991.jpg,chow
n02112137_8083.jpg,chow
n02112137_8161.jpg,chow
n02112137_8195.jpg,chow
n02112137_8212.jpg,chow
n02112137_8407.jpg,chow
n02112137_8410.jpg,chow
n02112137_8492.jpg,chow
n02112137_8504.jpg,chow
n02112137_8595.jpg,chow
n02112137_8637.jpg,chow
n02112137_8759.jpg,chow
n02112137_8769.jpg,chow
n02112137_8825.jpg,chow
n02112137_8862.jpg,chow
n02112137_8983.jpg,chow
n02112137_8986.jpg,chow
n02112137_9074.jpg,chow
n02112137_9082.jpg,chow
n02112137_9131.jpg,chow
n02112137_9146.jpg,chow
n02112137_9156.jpg,chow
n02112137_9159.jpg,chow
n02112137_9212.jpg,chow
n02112137_9280.jpg,chow
n02112137_9405.jpg,chow
n02112137_9415.jpg,chow
n02112137_9591.jpg,chow
n02112137_9598.jpg,chow
n02112137_9708.jpg,chow
n02112137_9761.jpg,chow
n02112137_9866.jpg,chow
n02113624_1008.jpg,toy_poodle
n02113624_10203.jpg,toy_poodle
n02113624_1023.jpg,toy_poodle
n02113624_1050.jpg,toy_poodle
n02113624_1063.jpg,toy_poodle
n02113624_1077.jpg,toy_poodle
n02113624_1178.jpg,toy_poodle
n02113624_1220.jpg,toy_poodle
n02113624_1293.jpg,toy_poodle
n02113624_1302.jpg,toy_poodle
n02113624_1461.jpg,toy_poodle
n02113624_1559.jpg,toy_poodle
n02113624_1576.jpg,toy_poodle
n02113624_1582.jpg,toy_poodle
n02113624_1596.jpg,toy_poodle
n02113624_1606.jpg,toy_poodle
n02113624_1639.jpg,toy_poodle
n02113624_166.jpg,toy_poodle
n02113624_1756.jpg,toy_poodle
n02113624_1785.jpg,toy_poodle
n02113624_1801.jpg,toy_poodle
n02113624_1804.jpg,toy_poodle
n02113624_1832.jpg,toy_poodle
n02113624_1844.jpg,toy_poodle
n02113624_1879.jpg,toy_poodle
n02113624_189.jpg,toy_poodle
n02113624_1929.jpg,toy_poodle
n02113624_2019.jpg,toy_poodle
n02113624_213.jpg,toy_poodle
n02113624_2223.jpg,toy_poodle
n02113624_2224.jpg,toy_poodle
n02113624_223.jpg,toy_poodle
n02113624_2240.jpg,toy_poodle
n02113624_2242.jpg,toy_poodle
n02113624_2244.jpg,toy_poodle
n02113624_2258.jpg,toy_poodle
n02113624_2270.jpg,toy_poodle
n02113624_2305.jpg,toy_poodle
n02113624_2308.jpg,toy_poodle
n02113624_2311.jpg,toy_poodle
n02113624_239.jpg,toy_poodle
n02113624_2427.jpg,toy_poodle
n02113624_2508.jpg,toy_poodle
n02113624_2521.jpg,toy_poodle
n02113624_253.jpg,toy_poodle
n02113624_2595.jpg,toy_poodle
n02113624_2609.jpg,toy_poodle
n02113624_2639.jpg,toy_poodle
n02113624_265.jpg,toy_poodle
n02113624_2727.jpg,toy_poodle
n02113624_274.jpg,toy_poodle
n02113624_2784.jpg,toy_poodle
n02113624_2785.jpg,toy_poodle
n02113624_2816.jpg,toy_poodle
n02113624_288.jpg,toy_poodle
n02113624_2883.jpg,toy_poodle
n02113624_2905.jpg,toy_poodle
n02113624_2908.jpg,toy_poodle
n02113624_2934.jpg,toy_poodle
n02113624_300.jpg,toy_poodle
n02113624_3061.jpg,toy_poodle
n02113624_3093.jpg,toy_poodle
n02113624_3103.jpg,toy_poodle
n02113624_3159.jpg,toy_poodle
n02113624_3165.jpg,toy_poodle
n02113624_320.jpg,toy_poodle
n02113624_3297.jpg,toy_poodle
n02113624_333.jpg,toy_poodle
n02113624_3341.jpg,toy_poodle
n02113624_3344.jpg,toy_poodle
n02113624_3460.jpg,toy_poodle
n02113624_3462.jpg,toy_poodle
n02113624_35.jpg,toy_poodle
n02113624_3517.jpg,toy_poodle
n02113624_3624.jpg,toy_poodle
n02113624_3639.jpg,toy_poodle
n02113624_367.jpg,toy_poodle
n02113624_3691.jpg,toy_poodle
n02113624_3714.jpg,toy_poodle
n02113624_3796.jpg,toy_poodle
n02113624_3808.jpg,toy_poodle
n02113624_3864.jpg,toy_poodle
n02113624_3887.jpg,toy_poodle
n02113624_3960.jpg,toy_poodle
n02113624_4045.jpg,toy_poodle
n02113624_4087.jpg,toy_poodle
n02113624_4112.jpg,toy_poodle
n02113624_4221.jpg,toy_poodle
n02113624_429.jpg,toy_poodle
n02113624_4349.jpg,toy_poodle
n02113624_454.jpg,toy_poodle
n02113624_4589.jpg,toy_poodle
n02113624_479.jpg,toy_poodle
n02113624_5278.jpg,toy_poodle
n02113624_528.jpg,toy_poodle
n02113624_530.jpg,toy_poodle
n02113624_5367.jpg,toy_poodle
n02113624_5386.jpg,toy_poodle
n02113624_5442.jpg,toy_poodle
n02113624_5459.jpg,toy_poodle
n02113624_5523.jpg,toy_poodle
n02113624_5584.jpg,toy_poodle
n02113624_5659.jpg,toy_poodle
n02113624_5723.jpg,toy_poodle
n02113624_6060.jpg,toy_poodle
n02113624_619.jpg,toy_poodle
n02113624_6230.jpg,toy_poodle
n02113624_6248.jpg,toy_poodle
n02113624_629.jpg,toy_poodle
n02113624_6456.jpg,toy_poodle
n02113624_6587.jpg,toy_poodle
n02113624_665.jpg,toy_poodle
n02113624_6652.jpg,toy_poodle
n02113624_6683.jpg,toy_poodle
n02113624_6684.jpg,toy_poodle
n02113624_681.jpg,toy_poodle
n02113624_6813.jpg,toy_poodle
n02113624_6868.jpg,toy_poodle
n02113624_6921.jpg,toy_poodle
n02113624_70.jpg,toy_poodle
n02113624_7102.jpg,toy_poodle
n02113624_720.jpg,toy_poodle
n02113624_7448.jpg,toy_poodle
n02113624_7504.jpg,toy_poodle
n02113624_764.jpg,toy_poodle
n02113624_7888.jpg,toy_poodle
n02113624_7964.jpg,toy_poodle
n02113624_7986.jpg,toy_poodle
n02113624_7996.jpg,toy_poodle
n02113624_7997.jpg,toy_poodle
n02113624_8304.jpg,toy_poodle
n02113624_836.jpg,toy_poodle
n02113624_8444.jpg,toy_poodle
n02113624_876.jpg,toy_poodle
n02113624_8880.jpg,toy_poodle
n02113624_8890.jpg,toy_poodle
n02113624_8936.jpg,toy_poodle
n02113624_8940.jpg,toy_poodle
n02113624_8943.jpg,toy_poodle
n02113624_8951.jpg,toy_poodle
n02113624_8963.jpg,toy_poodle
n02113624_9105.jpg,toy_poodle
n02113624_9199.jpg,toy_poodle
n02113624_9229.jpg,toy_poodle
n02113624_925.jpg,toy_poodle
n02113624_942.jpg,toy_poodle
n02113624_952.jpg,toy_poodle
n02113624_9550.jpg,toy_poodle
n02113624_9574.jpg,toy_poodle
n02113624_9828.jpg,toy_poodle
n02113624_983.jpg,toy_poodle
